Product Type,Product Description,Price in dollars,Link,Date
best probiotics,"Amazon Basics Probiotic 5 Billion CFU, 8 Probiotic strains with 60 mg Prebiotic Blend, 60 Count Vegetarian Capsules, 2 Month Supply, Supports Healthy Digestion (Previously Solimo)",Price not available,https://www.amazon.com/sspa/click?ie=UTF8&spc=MTo2ODg5MDg3NjQ1MDcwMjg4OjE3NDMyNTQzNzM6c3BfYXRmOjIwMDAxMjAwODc2NDQzMTo6MDo6&url=%2FAmazon-Brand-Probiotic-Vegetarian-Capsules%2Fdp%2FB07D123YBX%2Fref%3Dsr_1_1_ffob_sspa%3Fdib%3DeyJ2IjoiMSJ9.nxWSa34qFgerwSifCGqQmbW-CTOkicTE-iAvVN8tAsqlGlsbSLylUA_4PxkiJGbAf8YOxbenfp6auwLlKKwwgcEskHbH1L04UumCrX6D5gTvrJ4R9t_7yPMWd1wXzFaeiDX_3rt2Qylx_9qq2U0j9jkNHUD4t5hpbcl4G4zt1ZTjwl09Qk3nwWzop_uEUEx8ukKy8mTcxuxeF1sOAlzvLrP3OmtRqR7kcnPii8h9ng4A73E3lvZYSV_eIoEaYTD0YEz_gQg5X7_6lU957diznUBgbB0VVnbBZpIF6E4WUsY.30p8F1Rqt6OiTINXUf2a1EGO94mg2HjVEWtoq4_Vx20%26dib_tag%3Dse%26keywords%3Dbest%2Bprobiotics%26qid%3D1743254373%26sr%3D8-1-spons%26sp_csd%3Dd2lkZ2V0TmFtZT1zcF9hdGY%26psc%3D1,2025-03-29
best probiotics,"Physician's Choice Probiotics 60 Billion CFU - 10 Strains + Organic Prebiotics - Immune, Digestive & Gut Health - Supports Occasional Constipation, Diarrhea, Gas & Bloating - for Women & Men - 30ct",Price not available,https://www.amazon.com/sspa/click?ie=UTF8&spc=MTo2ODg5MDg3NjQ1MDcwMjg4OjE3NDMyNTQzNzM6c3BfYXRmOjMwMDE2NzgyOTM3ODgwMjo6MDo6&url=%2FProbiotics-Formulated-Probiotic-Supplement-Acidophilus%2Fdp%2FB079H53D2B%2Fref%3Dsr_1_2_sspa%3Fdib%3DeyJ2IjoiMSJ9.nxWSa34qFgerwSifCGqQmbW-CTOkicTE-iAvVN8tAsqlGlsbSLylUA_4PxkiJGbAf8YOxbenfp6auwLlKKwwgcEskHbH1L04UumCrX6D5gTvrJ4R9t_7yPMWd1wXzFaeiDX_3rt2Qylx_9qq2U0j9jkNHUD4t5hpbcl4G4zt1ZTjwl09Qk3nwWzop_uEUEx8ukKy8mTcxuxeF1sOAlzvLrP3OmtRqR7kcnPii8h9ng4A73E3lvZYSV_eIoEaYTD0YEz_gQg5X7_6lU957diznUBgbB0VVnbBZpIF6E4WUsY.30p8F1Rqt6OiTINXUf2a1EGO94mg2HjVEWtoq4_Vx20%26dib_tag%3Dse%26keywords%3Dbest%2Bprobiotics%26qid%3D1743254373%26sr%3D8-2-spons%26sp_csd%3Dd2lkZ2V0TmFtZT1zcF9hdGY%26psc%3D1,2025-03-29
best probiotics,"Align Probiotic, Pro Formula, Probiotics for Women and Men, Daily Probiotic Supplement, Helps Soothe Occasional Bloating & Gas*, #1 Doctor Recommended Brandâ¡, 63 Capsules (Packaging May Vary)",67.48,https://www.amazon.com/sspa/click?ie=UTF8&spc=MTo2ODg5MDg3NjQ1MDcwMjg4OjE3NDMyNTQzNzM6c3BfYXRmOjIwMDAyOTg4MTU5OTA2MTo6MDo6&url=%2FAlign-Probiotics-Supplement-Probiotic-Digestive%2Fdp%2FB08B7BWHJ8%2Fref%3Dsr_1_3_sspa%3Fdib%3DeyJ2IjoiMSJ9.nxWSa34qFgerwSifCGqQmbW-CTOkicTE-iAvVN8tAsqlGlsbSLylUA_4PxkiJGbAf8YOxbenfp6auwLlKKwwgcEskHbH1L04UumCrX6D5gTvrJ4R9t_7yPMWd1wXzFaeiDX_3rt2Qylx_9qq2U0j9jkNHUD4t5hpbcl4G4zt1ZTjwl09Qk3nwWzop_uEUEx8ukKy8mTcxuxeF1sOAlzvLrP3OmtRqR7kcnPii8h9ng4A73E3lvZYSV_eIoEaYTD0YEz_gQg5X7_6lU957diznUBgbB0VVnbBZpIF6E4WUsY.30p8F1Rqt6OiTINXUf2a1EGO94mg2HjVEWtoq4_Vx20%26dib_tag%3Dse%26keywords%3Dbest%2Bprobiotics%26qid%3D1743254373%26sr%3D8-3-spons%26sp_csd%3Dd2lkZ2V0TmFtZT1zcF9hdGY%26psc%3D1,2025-03-29
best probiotics,"Physician's CHOICE Probiotics for Women - PH Balance, Digestive, UT, & Feminine Health - 50 Billion CFU - 6 Unique Strains for Her - Organic Prebiotics, Cranberry Extract+ - Women Probiotic - 30 CT",Price not available,https://www.amazon.com/sspa/click?ie=UTF8&spc=MTo2ODg5MDg3NjQ1MDcwMjg4OjE3NDMyNTQzNzM6c3BfYXRmOjMwMDA2NTIwNzk0OTYwMjo6MDo6&url=%2FPhysicians-Choice-Probiotics-Women-Prebiotics%2Fdp%2FB07B8BSGPL%2Fref%3Dsr_1_4_sspa%3Fdib%3DeyJ2IjoiMSJ9.nxWSa34qFgerwSifCGqQmbW-CTOkicTE-iAvVN8tAsqlGlsbSLylUA_4PxkiJGbAf8YOxbenfp6auwLlKKwwgcEskHbH1L04UumCrX6D5gTvrJ4R9t_7yPMWd1wXzFaeiDX_3rt2Qylx_9qq2U0j9jkNHUD4t5hpbcl4G4zt1ZTjwl09Qk3nwWzop_uEUEx8ukKy8mTcxuxeF1sOAlzvLrP3OmtRqR7kcnPii8h9ng4A73E3lvZYSV_eIoEaYTD0YEz_gQg5X7_6lU957diznUBgbB0VVnbBZpIF6E4WUsY.30p8F1Rqt6OiTINXUf2a1EGO94mg2HjVEWtoq4_Vx20%26dib_tag%3Dse%26keywords%3Dbest%2Bprobiotics%26qid%3D1743254373%26sr%3D8-4-spons%26sp_csd%3Dd2lkZ2V0TmFtZT1zcF9hdGY%26psc%3D1,2025-03-29
best probiotics,"Physician's CHOICE Probiotics 60 Billion CFU - 10 Strains + Organic Prebiotics - Immune, Digestive & Gut Health - Supports Occasional Constipation, Diarrhea, Gas & Bloating - for Women & Men - 60ct",Price not available,https://www.amazon.com/Probiotics-Billion-CFU-Prebiotics-Acidophilus/dp/B09GLGC9DG/ref=sr_1_5?dib=eyJ2IjoiMSJ9.nxWSa34qFgerwSifCGqQmbW-CTOkicTE-iAvVN8tAsqlGlsbSLylUA_4PxkiJGbAf8YOxbenfp6auwLlKKwwgcEskHbH1L04UumCrX6D5gTvrJ4R9t_7yPMWd1wXzFaeiDX_3rt2Qylx_9qq2U0j9jkNHUD4t5hpbcl4G4zt1ZTjwl09Qk3nwWzop_uEUEx8ukKy8mTcxuxeF1sOAlzvLrP3OmtRqR7kcnPii8h9ng4A73E3lvZYSV_eIoEaYTD0YEz_gQg5X7_6lU957diznbfrEbflQYoI4e8w420wMJa7MzYRVqkz975klZtYw_y97Ee1YdoBzbxKtR-AsCfYqun2VkNkUP2Yfy2jF_JQaiDxGvK6BM1szLudXbd2FIA6QJqWRcP88b9QpvO8Z2o2Hj8JQud7kiy27U3AuTagOAn01cr0wBcDhb4d099wKPIq.Et8I8KW6s4kqWCBDsF0raoXOjRs2qulgnKSzMnnf25Y&dib_tag=se&keywords=best+probiotics&qid=1743254373&sr=8-5,2025-03-29
best probiotics,"Garden of Life Once Daily Dr. Formulated Probiotics for Women 50 Billion CFU 16 Probiotic Strains with Organic Prebiotics for Digestive, Vaginal & Immune Health, Dairy Free, Shelf Stable 30 Capsules",24.77,https://www.amazon.com/Garden-Life-Formulated-Probiotics-Guaranteed/dp/B00Y8MP4G6/ref=sr_1_6?dib=eyJ2IjoiMSJ9.nxWSa34qFgerwSifCGqQmbW-CTOkicTE-iAvVN8tAsqlGlsbSLylUA_4PxkiJGbAf8YOxbenfp6auwLlKKwwgcEskHbH1L04UumCrX6D5gTvrJ4R9t_7yPMWd1wXzFaeiDX_3rt2Qylx_9qq2U0j9jkNHUD4t5hpbcl4G4zt1ZTjwl09Qk3nwWzop_uEUEx8ukKy8mTcxuxeF1sOAlzvLrP3OmtRqR7kcnPii8h9ng4A73E3lvZYSV_eIoEaYTD0YEz_gQg5X7_6lU957diznbfrEbflQYoI4e8w420wMJa7MzYRVqkz975klZtYw_y97Ee1YdoBzbxKtR-AsCfYqun2VkNkUP2Yfy2jF_JQaiDxGvK6BM1szLudXbd2FIA6QJqWRcP88b9QpvO8Z2o2Hj8JQud7kiy27U3AuTagOAn01cr0wBcDhb4d099wKPIq.Et8I8KW6s4kqWCBDsF0raoXOjRs2qulgnKSzMnnf25Y&dib_tag=se&keywords=best+probiotics&qid=1743254373&sr=8-6,2025-03-29
best probiotics,"Physician's CHOICE Probiotics for Women - PH Balance, Digestive, UT, & Feminine Health - 50 Billion CFU - 6 Unique Strains for Her - Organic Prebiotics, Cranberry Extract+ - Women Probiotic - 30 CT",Price not available,https://www.amazon.com/Physicians-Choice-Probiotics-Women-Prebiotics/dp/B07B8BSGPL/ref=sr_1_7?dib=eyJ2IjoiMSJ9.nxWSa34qFgerwSifCGqQmbW-CTOkicTE-iAvVN8tAsqlGlsbSLylUA_4PxkiJGbAf8YOxbenfp6auwLlKKwwgcEskHbH1L04UumCrX6D5gTvrJ4R9t_7yPMWd1wXzFaeiDX_3rt2Qylx_9qq2U0j9jkNHUD4t5hpbcl4G4zt1ZTjwl09Qk3nwWzop_uEUEx8ukKy8mTcxuxeF1sOAlzvLrP3OmtRqR7kcnPii8h9ng4A73E3lvZYSV_eIoEaYTD0YEz_gQg5X7_6lU957diznbfrEbflQYoI4e8w420wMJa7MzYRVqkz975klZtYw_y97Ee1YdoBzbxKtR-AsCfYqun2VkNkUP2Yfy2jF_JQaiDxGvK6BM1szLudXbd2FIA6QJqWRcP88b9QpvO8Z2o2Hj8JQud7kiy27U3AuTagOAn01cr0wBcDhb4d099wKPIq.Et8I8KW6s4kqWCBDsF0raoXOjRs2qulgnKSzMnnf25Y&dib_tag=se&keywords=best+probiotics&qid=1743254373&sr=8-7,2025-03-29
best probiotics,"Raw Probiotics - 100 Billion CFU, Shelf Stable, 30 Capsules - For Men and Women, Digestive Enzymes, Clinically Studied Strains - by Garden of Life",29.94,https://www.amazon.com/Garden-Life-Probiotics-Ultimate-Stable/dp/B07CZFZTCW/ref=sr_1_8?dib=eyJ2IjoiMSJ9.nxWSa34qFgerwSifCGqQmbW-CTOkicTE-iAvVN8tAsqlGlsbSLylUA_4PxkiJGbAf8YOxbenfp6auwLlKKwwgcEskHbH1L04UumCrX6D5gTvrJ4R9t_7yPMWd1wXzFaeiDX_3rt2Qylx_9qq2U0j9jkNHUD4t5hpbcl4G4zt1ZTjwl09Qk3nwWzop_uEUEx8ukKy8mTcxuxeF1sOAlzvLrP3OmtRqR7kcnPii8h9ng4A73E3lvZYSV_eIoEaYTD0YEz_gQg5X7_6lU957diznbfrEbflQYoI4e8w420wMJa7MzYRVqkz975klZtYw_y97Ee1YdoBzbxKtR-AsCfYqun2VkNkUP2Yfy2jF_JQaiDxGvK6BM1szLudXbd2FIA6QJqWRcP88b9QpvO8Z2o2Hj8JQud7kiy27U3AuTagOAn01cr0wBcDhb4d099wKPIq.Et8I8KW6s4kqWCBDsF0raoXOjRs2qulgnKSzMnnf25Y&dib_tag=se&keywords=best+probiotics&qid=1743254373&sr=8-8,2025-03-29
best probiotics,"URO Vaginal Probiotics for Women pH Balance with Prebiotics & Lactobacillus Probiotic Blend - Women's Vaginal Health Supplement - Promote Healthy Vaginal Odor & Vaginal Flora, 60 Count (Pack of 1)",Price not available,https://www.amazon.com/Vaginal-Probiotics-Prebiotics-Lactobacillus-Probiotic/dp/B0D5FZGY8W/ref=sr_1_9?dib=eyJ2IjoiMSJ9.nxWSa34qFgerwSifCGqQmbW-CTOkicTE-iAvVN8tAsqlGlsbSLylUA_4PxkiJGbAf8YOxbenfp6auwLlKKwwgcEskHbH1L04UumCrX6D5gTvrJ4R9t_7yPMWd1wXzFaeiDX_3rt2Qylx_9qq2U0j9jkNHUD4t5hpbcl4G4zt1ZTjwl09Qk3nwWzop_uEUEx8ukKy8mTcxuxeF1sOAlzvLrP3OmtRqR7kcnPii8h9ng4A73E3lvZYSV_eIoEaYTD0YEz_gQg5X7_6lU957diznbfrEbflQYoI4e8w420wMJa7MzYRVqkz975klZtYw_y97Ee1YdoBzbxKtR-AsCfYqun2VkNkUP2Yfy2jF_JQaiDxGvK6BM1szLudXbd2FIA6QJqWRcP88b9QpvO8Z2o2Hj8JQud7kiy27U3AuTagOAn01cr0wBcDhb4d099wKPIq.Et8I8KW6s4kqWCBDsF0raoXOjRs2qulgnKSzMnnf25Y&dib_tag=se&keywords=best+probiotics&qid=1743254373&sr=8-9,2025-03-29
best probiotics,"NOW Foods Supplements, Probiotic-10â¢, 25 Billion, with 10 Probiotic Strains, Dairy, Soy and Gluten Free, Strain Verified, 100 Veg Capsules",20.98,https://www.amazon.com/NOW-Probiotic-10-Billion-100-Capsules/dp/B00L1GHMN0/ref=sr_1_10?dib=eyJ2IjoiMSJ9.nxWSa34qFgerwSifCGqQmbW-CTOkicTE-iAvVN8tAsqlGlsbSLylUA_4PxkiJGbAf8YOxbenfp6auwLlKKwwgcEskHbH1L04UumCrX6D5gTvrJ4R9t_7yPMWd1wXzFaeiDX_3rt2Qylx_9qq2U0j9jkNHUD4t5hpbcl4G4zt1ZTjwl09Qk3nwWzop_uEUEx8ukKy8mTcxuxeF1sOAlzvLrP3OmtRqR7kcnPii8h9ng4A73E3lvZYSV_eIoEaYTD0YEz_gQg5X7_6lU957diznbfrEbflQYoI4e8w420wMJa7MzYRVqkz975klZtYw_y97Ee1YdoBzbxKtR-AsCfYqun2VkNkUP2Yfy2jF_JQaiDxGvK6BM1szLudXbd2FIA6QJqWRcP88b9QpvO8Z2o2Hj8JQud7kiy27U3AuTagOAn01cr0wBcDhb4d099wKPIq.Et8I8KW6s4kqWCBDsF0raoXOjRs2qulgnKSzMnnf25Y&dib_tag=se&keywords=best+probiotics&qid=1743254373&sr=8-10,2025-03-29
best probiotics,"Seed DS-01 Daily Synbiotic - Prebiotic and Probiotic for Women & Men - Digestive Health, Gut Health, Immune Support, Bloating & Constipation Relief - Vegan & Shelf-Stable - 60 Capsules (30-Day Supply)",Price not available,https://www.amazon.com/sspa/click?ie=UTF8&spc=MTo2ODg5MDg3NjQ1MDcwMjg4OjE3NDMyNTQzNzM6c3BfbXRmOjMwMDcwNzI2NTY0NDUwMjo6MDo6&url=%2FSeed-DS-01-Daily-Synbiotic-Multi-Strain%2Fdp%2FB0CMJR4XGR%2Fref%3Dsr_1_11_sspa%3Fdib%3DeyJ2IjoiMSJ9.nxWSa34qFgerwSifCGqQmbW-CTOkicTE-iAvVN8tAsqlGlsbSLylUA_4PxkiJGbAf8YOxbenfp6auwLlKKwwgcEskHbH1L04UumCrX6D5gTvrJ4R9t_7yPMWd1wXzFaeiDX_3rt2Qylx_9qq2U0j9jkNHUD4t5hpbcl4G4zt1ZTjwl09Qk3nwWzop_uEUEx8ukKy8mTcxuxeF1sOAlzvLrP3OmtRqR7kcnPii8h9ng4A73E3lvZYSV_eIoEaYTD0YEz_gQg5X7_6lU957diznUBgbB0VVnbBZpIF6E4WUsY.30p8F1Rqt6OiTINXUf2a1EGO94mg2HjVEWtoq4_Vx20%26dib_tag%3Dse%26keywords%3Dbest%2Bprobiotics%26qid%3D1743254373%26sr%3D8-11-spons%26sp_csd%3Dd2lkZ2V0TmFtZT1zcF9tdGY%26psc%3D1,2025-03-29
